"id","name","model_id:id","group_id:id","perm_read","perm_write","perm_create","perm_unlink"
"account_analytic_contract_manager","Recurring manager","model_account_analytic_contract","account.group_account_manager",1,1,1,1
"account_analytic_contract_user","Recurring user","model_account_analytic_contract","account.group_account_invoice",1,0,0,0
"account_analytic_invoice_line_manager","Recurring manager","model_account_analytic_invoice_line","account.group_account_manager",1,1,1,1
"account_analytic_invoice_line_user","Recurring user","model_account_analytic_invoice_line","account.group_account_invoice",1,0,0,0
"account_analytic_contract_line_manager","Recurring manager","model_account_analytic_contract_line","account.group_account_manager",1,1,1,1
"account_analytic_contract_line_user","Recurring user","model_account_analytic_contract_line","account.group_account_invoice",1,0,0,0
